{
  "metadata": {
    "total_size": 12487168064
  },
  "weight_map": {
    "transformer.embedding.word_embeddings.weight": "pytorch_model-00001-of-00007.bin",
    "transformer.encoder.final_layernorm.weight": "pytorch_model-00007-of-00007.bin",
    "transformer.encoder.layers.0.input_layernorm.weight": "pytorch_model-00001-of-00007.bin",
    "transformer.encoder.layers.0.mlp.dense_4h_to_h.weight": "pytorch_model-00001-of-00007.bin",
    "transformer.encoder.layers.0.mlp.dense_h_to_4h.weight": "pytorch_model-00001-of-00007.bin",
    "transformer.encoder.layers.0.post_attention_layernorm.weight": "pytorch_model-00001-of-00007.bin",
    "transformer.encoder.layers.0.self_attention.dense.weight": "pytorch_model-00001-of-00007.bin",
    "transformer.encoder.layers.0.self_attention.query_key_value.bias": "pytorch_model-00001-of-00007.bin",
    "transformer.encoder.layers.0.self_attention.query_key_value.weight": "pytorch_model-00001-of-00007.bin",
    "transformer.encoder.layers.1.input_layernorm.weight": "pytorch_model-00001-of-00007.bin",
    "transformer.encoder.layers.1.mlp.dense_4h_to_h.weight": "pytorch_model-00001-of-00007.bin",
    "transformer.encoder.layers.1.mlp.dense_h_to_4h.weight": "pytorch_model-00001-of-00007.bin",
    "transformer.encoder.layers.1.post_attention_layernorm.weight": "pytorch_model-00001-of-00007.bin",
    "transformer.encoder.layers.1.self_attention.dense.weight": "pytorch_model-00001-of-00007.bin",
    "transformer.encoder.layers.1.self_attention.query_key_value.bias": "pytorch_model-00001-of-00007.bin",
    "transformer.encoder.layers.1.self_attention.query_key_value.weight": "pytorch_model-00001-of-00007.bin",
    "transformer.encoder.layers.10.input_layernorm.weight": "pytorch_model-00003-of-00007.bin",
    "transformer.encoder.layers.10.mlp.dense_4h_to_h.weight": "pytorch_model-00003-of-00007.bin",
    "transformer.encoder.layers.10.mlp.dense_h_to_4h.weight": "pytorch_model-00003-of-00007.bin",
    "transformer.encoder.layers.10.post_attention_layernorm.weight": "pytorch_model-00003-of-00007.bin",
    "transformer.encoder.layers.10.self_attention.dense.weight": "pytorch_model-00003-of-00007.bin",
    "transformer.encoder.layers.10.self_attention.query_key_value.bias": "pytorch_model-00003-of-00007.bin",
    "transformer.encoder.layers.10.self_attention.query_key_value.weight": "pytorch_model-00003-of-00007.bin",
    "transformer.encoder.layers.11.input_layernorm.weight": "pytorch_model-00003-of-00007.bin",
    "transformer.encoder.layers.11.mlp.dense_4h_to_h.weight": "pytorch_model-00003-of-00007.bin",
    "transformer.encoder.layers.11.mlp.dense_h_to_4h.weight": "pytorch_model-00003-of-00007.bin",
    "transformer.encoder.layers.11.post_attention_layernorm.weight": "pytorch_model-00003-of-00007.bin",
    "transformer.encoder.layers.11.self_attention.dense.weight": "pytorch_model-00003-of-00007.bin",
    "transformer.encoder.layers.11.self_attention.query_key_value.bias": "pytorch_model-00003-of-00007.bin",
    "transformer.encoder.layers.11.self_attention.query_key_value.weight": "pytorch_model-00003-of-00007.bin",
    "transformer.encoder.layers.12.input_layernorm.weight": "pytorch_model-00003-of-00007.bin",
    "transformer.encoder.layers.12.mlp.dense_4h_to_h.weight": "pytorch_model-00004-of-00007.bin",
    "transformer.encoder.layers.12.mlp.dense_h_to_4h.weight": "pytorch_model-00003-of-00007.bin",
    "transformer.encoder.layers.12.post_attention_layernorm.weight": "pytorch_model-00003-of-00007.bin",
    "transformer.encoder.layers.12.self_attention.dense.weight": "pytorch_model-00003-of-00007.bin",
    "transformer.encoder.layers.12.self_attention.query_key_value.bias": "pytorch_model-00003-of-00007.bin",
    "transformer.encoder.layers.12.self_attention.query_key_value.weight": "pytorch_model-00003-of-00007.bin",
    "transformer.encoder.layers.13.input_layernorm.weight": "pytorch_model-00004-of-00007.bin",
    "transformer.encoder.layers.13.mlp.dense_4h_to_h.weight": "pytorch_model-00004-of-00007.bin",
    "transformer.encoder.layers.13.mlp.dense_h_to_4h.weight": "pytorch_model-00004-of-00007.bin",
    "transformer.encoder.layers.13.post_attention_layernorm.weight": "pytorch_model-00004-of-00007.bin",
    "transformer.encoder.layers.13.self_attention.dense.weight": "pytorch_model-00004-of-00007.bin",
    "transformer.encoder.layers.13.self_attention.query_key_value.bias": "pytorch_model-00004-of-00007.bin",
    "transformer.encoder.layers.13.self_attention.query_key_value.weight": "pytorch_model-00004-of-00007.bin",
    "transformer.encoder.layers.14.input_layernorm.weight": "pytorch_model-00004-of-00007.bin",
    "transformer.encoder.layers.14.mlp.dense_4h_to_h.weight": "pytorch_model-00004-of-00007.bin",
    "transformer.encoder.layers.14.mlp.dense_h_to_4h.weight": "pytorch_model-00004-of-00007.bin",
    "transformer.encoder.layers.14.post_attention_layernorm.weight": "pytorch_model-00004-of-00007.bin",
    "transformer.encoder.layers.14.self_attention.dense.weight": "pytorch_model-00004-of-00007.bin",
    "transformer.encoder.layers.14.self_attention.query_key_value.bias": "pytorch_model-00004-of-00007.bin",
    "transformer.encoder.layers.14.self_attention.query_key_value.weight": "pytorch_model-00004-of-00007.bin",
    "transformer.encoder.layers.15.input_layernorm.weight": "pytorch_model-00004-of-00007.bin",
    "transformer.encoder.layers.15.mlp.dense_4h_to_h.weight": "pytorch_model-00004-of-00007.bin",
    "transformer.encoder.layers.15.mlp.dense_h_to_4h.weight": "pytorch_model-00004-of-00007.bin",
    "transformer.encoder.layers.15.post_attention_layernorm.weight": "pytorch_model-00004-of-00007.bin",
    "transformer.encoder.layers.15.self_attention.dense.weight": "pytorch_model-00004-of-00007.bin",
    "transformer.encoder.layers.15.self_attention.query_key_value.bias": "pytorch_model-00004-of-00007.bin",
    "transformer.encoder.layers.15.self_attention.query_key_value.weight": "pytorch_model-00004-of-00007.bin",
    "transformer.encoder.layers.16.input_layernorm.weight": "pytorch_model-00004-of-00007.bin",
    "transformer.encoder.layers.16.mlp.dense_4h_to_h.weight": "pytorch_model-00004-of-00007.bin",
    "transformer.encoder.layers.16.mlp.dense_h_to_4h.weight": "pytorch_model-00004-of-00007.bin",
    "transformer.encoder.layers.16.post_attention_layernorm.weight": "pytorch_model-00004-of-00007.bin",
    "transformer.encoder.layers.16.self_attention.dense.weight": "pytorch_model-00004-of-00007.bin",
    "transformer.encoder.layers.16.self_attention.query_key_value.bias": "pytorch_model-00004-of-00007.bin",
    "transformer.encoder.layers.16.self_attention.query_key_value.weight": "pytorch_model-00004-of-00007.bin",
    "transformer.encoder.layers.17.input_layernorm.weight": "pytorch_model-00004-of-00007.bin",
    "transformer.encoder.layers.17.mlp.dense_4h_to_h.weight": "pytorch_model-00005-of-00007.bin",
    "transformer.encoder.layers.17.mlp.dense_h_to_4h.weight": "pytorch_model-00005-of-00007.bin",
    "transformer.encoder.layers.17.post_attention_layernorm.weight": "pytorch_model-00004-of-00007.bin",
    "transformer.encoder.layers.17.self_attention.dense.weight": "pytorch_model-00004-of-00007.bin",
    "transformer.encoder.layers.17.self_attention.query_key_value.bias": "pytorch_model-00004-of-00007.bin",
    "transformer.encoder.layers.17.self_attention.query_key_value.weight": "pytorch_model-00004-of-00007.bin",
    "transformer.encoder.layers.18.input_layernorm.weight": "pytorch_model-00005-of-00007.bin",
    "transformer.encoder.layers.18.mlp.dense_4h_to_h.weight": "pytorch_model-00005-of-00007.bin",
    "transformer.encoder.layers.18.mlp.dense_h_to_4h.weight": "pytorch_model-00005-of-00007.bin",
    "transformer.encoder.layers.18.post_attention_layernorm.weight": "pytorch_model-00005-of-00007.bin",
    "transformer.encoder.layers.18.self_attention.dense.weight": "pytorch_model-00005-of-00007.bin",
    "transformer.encoder.layers.18.self_attention.query_key_value.bias": "pytorch_model-00005-of-00007.bin",
    "transformer.encoder.layers.18.self_attention.query_key_value.weight": "pytorch_model-00005-of-00007.bin",
    "transformer.encoder.layers.19.input_layernorm.weight": "pytorch_model-00005-of-00007.bin",
    "transformer.encoder.layers.19.mlp.dense_4h_to_h.weight": "pytorch_model-00005-of-00007.bin",
    "transformer.encoder.layers.19.mlp.dense_h_to_4h.weight": "pytorch_model-00005-of-00007.bin",
    "transformer.encoder.layers.19.post_attention_layernorm.weight": "pytorch_model-00005-of-00007.bin",
    "transformer.encoder.layers.19.self_attention.dense.weight": "pytorch_model-00005-of-00007.bin",
    "transformer.encoder.layers.19.self_attention.query_key_value.bias": "pytorch_model-00005-of-00007.bin",
    "transformer.encoder.layers.19.self_attention.query_key_value.weight": "pytorch_model-00005-of-00007.bin",
    "transformer.encoder.layers.2.input_layernorm.weight": "pytorch_model-00001-of-00007.bin",
    "transformer.encoder.layers.2.mlp.dense_4h_to_h.weight": "pytorch_model-00001-of-00007.bin",
    "transformer.encoder.layers.2.mlp.dense_h_to_4h.weight": "pytorch_model-00001-of-00007.bin",
    "transformer.encoder.layers.2.post_attention_layernorm.weight": "pytorch_model-00001-of-00007.bin",
    "transformer.encoder.layers.2.self_attention.dense.weight": "pytorch_model-00001-of-00007.bin",
    "transformer.encoder.layers.2.self_attention.query_key_value.bias": "pytorch_model-00001-of-00007.bin",
    "transformer.encoder.layers.2.self_attention.query_key_value.weight": "pytorch_model-00001-of-00007.bin",
    "transformer.encoder.layers.20.input_layernorm.weight": "pytorch_model-00005-of-00007.bin",
    "transformer.encoder.layers.20.mlp.dense_4h_to_h.weight": "pytorch_model-00005-of-00007.bin",
    "transformer.encoder.layers.20.mlp.dense_h_to_4h.weight": "pytorch_model-00005-of-00007.bin",
    "transformer.encoder.layers.20.post_attention_layernorm.weight": "pytorch_model-00005-of-00007.bin",
    "transformer.encoder.layers.20.self_attention.dense.weight": "pytorch_model-00005-of-00007.bin",
    "transformer.encoder.layers.20.self_attention.query_key_value.bias": "pytorch_model-00005-of-00007.bin",
    "transformer.encoder.layers.20.self_attention.query_key_value.weight": "pytorch_model-00005-of-00007.bin",
    "transformer.encoder.layers.21.input_layernorm.weight": "pytorch_model-00005-of-00007.bin",
    "transformer.encoder.layers.21.mlp.dense_4h_to_h.weight": "pytorch_model-00005-of-00007.bin",
    "transformer.encoder.layers.21.mlp.dense_h_to_4h.weight": "pytorch_model-00005-of-00007.bin",
    "transformer.encoder.layers.21.post_attention_layernorm.weight": "pytorch_model-00005-of-00007.bin",
    "transformer.encoder.layers.21.self_attention.dense.weight": "pytorch_model-00005-of-00007.bin",
    "transformer.encoder.layers.21.self_attention.query_key_value.bias": "pytorch_model-00005-of-00007.bin",
    "transformer.encoder.layers.21.self_attention.query_key_value.weight": "pytorch_model-00005-of-00007.bin",
    "transformer.encoder.layers.22.input_layernorm.weight": "pytorch_model-00005-of-00007.bin",
    "transformer.encoder.layers.22.mlp.dense_4h_to_h.weight": "pytorch_model-00006-of-00007.bin",
    "transformer.encoder.layers.22.mlp.dense_h_to_4h.weight": "pytorch_model-00006-of-00007.bin",
    "transformer.encoder.layers.22.post_attention_layernorm.weight": "pytorch_model-00006-of-00007.bin",
    "transformer.encoder.layers.22.self_attention.dense.weight": "pytorch_model-00006-of-00007.bin",
    "transformer.encoder.layers.22.self_attention.query_key_value.bias": "pytorch_model-00006-of-00007.bin",
    "transformer.encoder.layers.22.self_attention.query_key_value.weight": "pytorch_model-00006-of-00007.bin",
    "transformer.encoder.layers.23.input_layernorm.weight": "pytorch_model-00006-of-00007.bin",
    "transformer.encoder.layers.23.mlp.dense_4h_to_h.weight": "pytorch_model-00006-of-00007.bin",
    "transformer.encoder.layers.23.mlp.dense_h_to_4h.weight": "pytorch_model-00006-of-00007.bin",
    "transformer.encoder.layers.23.post_attention_layernorm.weight": "pytorch_model-00006-of-00007.bin",
    "transformer.encoder.layers.23.self_attention.dense.weight": "pytorch_model-00006-of-00007.bin",
    "transformer.encoder.layers.23.self_attention.query_key_value.bias": "pytorch_model-00006-of-00007.bin",
    "transformer.encoder.layers.23.self_attention.query_key_value.weight": "pytorch_model-00006-of-00007.bin",
    "transformer.encoder.layers.24.input_layernorm.weight": "pytorch_model-00006-of-00007.bin",
    "transformer.encoder.layers.24.mlp.dense_4h_to_h.weight": "pytorch_model-00006-of-00007.bin",
    "transformer.encoder.layers.24.mlp.dense_h_to_4h.weight": "pytorch_model-00006-of-00007.bin",
    "transformer.encoder.layers.24.post_attention_layernorm.weight": "pytorch_model-00006-of-00007.bin",
    "transformer.encoder.layers.24.self_attention.dense.weight": "pytorch_model-00006-of-00007.bin",
    "transformer.encoder.layers.24.self_attention.query_key_value.bias": "pytorch_model-00006-of-00007.bin",
    "transformer.encoder.layers.24.self_attention.query_key_value.weight": "pytorch_model-00006-of-00007.bin",
    "transformer.encoder.layers.25.input_layernorm.weight": "pytorch_model-00006-of-00007.bin",
    "transformer.encoder.layers.25.mlp.dense_4h_to_h.weight": "pytorch_model-00006-of-00007.bin",
    "transformer.encoder.layers.25.mlp.dense_h_to_4h.weight": "pytorch_model-00006-of-00007.bin",
    "transformer.encoder.layers.25.post_attention_layernorm.weight": "pytorch_model-00006-of-00007.bin",
    "transformer.encoder.layers.25.self_attention.dense.weight": "pytorch_model-00006-of-00007.bin",
    "transformer.encoder.layers.25.self_attention.query_key_value.bias": "pytorch_model-00006-of-00007.bin",
    "transformer.encoder.layers.25.self_attention.query_key_value.weight": "pytorch_model-00006-of-00007.bin",
    "transformer.encoder.layers.26.input_layernorm.weight": "pytorch_model-00006-of-00007.bin",
    "transformer.encoder.layers.26.mlp.dense_4h_to_h.weight": "pytorch_model-00007-of-00007.bin",
    "transformer.encoder.layers.26.mlp.dense_h_to_4h.weight": "pytorch_model-00006-of-00007.bin",
    "transformer.encoder.layers.26.post_attention_layernorm.weight": "pytorch_model-00006-of-00007.bin",
    "transformer.encoder.layers.26.self_attention.dense.weight": "pytorch_model-00006-of-00007.bin",
    "transformer.encoder.layers.26.self_attention.query_key_value.bias": "pytorch_model-00006-of-00007.bin",
    "transformer.encoder.layers.26.self_attention.query_key_value.weight": "pytorch_model-00006-of-00007.bin",
    "transformer.encoder.layers.27.input_layernorm.weight": "pytorch_model-00007-of-00007.bin",
    "transformer.encoder.layers.27.mlp.dense_4h_to_h.weight": "pytorch_model-00007-of-00007.bin",
    "transformer.encoder.layers.27.mlp.dense_h_to_4h.weight": "pytorch_model-00007-of-00007.bin",
    "transformer.encoder.layers.27.post_attention_layernorm.weight": "pytorch_model-00007-of-00007.bin",
    "transformer.encoder.layers.27.self_attention.dense.weight": "pytorch_model-00007-of-00007.bin",
    "transformer.encoder.layers.27.self_attention.query_key_value.bias": "pytorch_model-00007-of-00007.bin",
    "transformer.encoder.layers.27.self_attention.query_key_value.weight": "pytorch_model-00007-of-00007.bin",
    "transformer.encoder.layers.3.input_layernorm.weight": "pytorch_model-00001-of-00007.bin",
    "transformer.encoder.layers.3.mlp.dense_4h_to_h.weight": "pytorch_model-00002-of-00007.bin",
    "transformer.encoder.layers.3.mlp.dense_h_to_4h.weight": "pytorch_model-00002-of-00007.bin",
    "transformer.encoder.layers.3.post_attention_layernorm.weight": "pytorch_model-00001-of-00007.bin",
    "transformer.encoder.layers.3.self_attention.dense.weight": "pytorch_model-00001-of-00007.bin",
    "transformer.encoder.layers.3.self_attention.query_key_value.bias": "pytorch_model-00001-of-00007.bin",
    "transformer.encoder.layers.3.self_attention.query_key_value.weight": "pytorch_model-00001-of-00007.bin",
    "transformer.encoder.layers.4.input_layernorm.weight": "pytorch_model-00002-of-00007.bin",
    "transformer.encoder.layers.4.mlp.dense_4h_to_h.weight": "pytorch_model-00002-of-00007.bin",
    "transformer.encoder.layers.4.mlp.dense_h_to_4h.weight": "pytorch_model-00002-of-00007.bin",
    "transformer.encoder.layers.4.post_attention_layernorm.weight": "pytorch_model-00002-of-00007.bin",
    "transformer.encoder.layers.4.self_attention.dense.weight": "pytorch_model-00002-of-00007.bin",
    "transformer.encoder.layers.4.self_attention.query_key_value.bias": "pytorch_model-00002-of-00007.bin",
    "transformer.encoder.layers.4.self_attention.query_key_value.weight": "pytorch_model-00002-of-00007.bin",
    "transformer.encoder.layers.5.input_layernorm.weight": "pytorch_model-00002-of-00007.bin",
    "transformer.encoder.layers.5.mlp.dense_4h_to_h.weight": "pytorch_model-00002-of-00007.bin",
    "transformer.encoder.layers.5.mlp.dense_h_to_4h.weight": "pytorch_model-00002-of-00007.bin",
    "transformer.encoder.layers.5.post_attention_layernorm.weight": "pytorch_model-00002-of-00007.bin",
    "transformer.encoder.layers.5.self_attention.dense.weight": "pytorch_model-00002-of-00007.bin",
    "transformer.encoder.layers.5.self_attention.query_key_value.bias": "pytorch_model-00002-of-00007.bin",
    "transformer.encoder.layers.5.self_attention.query_key_value.weight": "pytorch_model-00002-of-00007.bin",
    "transformer.encoder.layers.6.input_layernorm.weight": "pytorch_model-00002-of-00007.bin",
    "transformer.encoder.layers.6.mlp.dense_4h_to_h.weight": "pytorch_model-00002-of-00007.bin",
    "transformer.encoder.layers.6.mlp.dense_h_to_4h.weight": "pytorch_model-00002-of-00007.bin",
    "transformer.encoder.layers.6.post_attention_layernorm.weight": "pytorch_model-00002-of-00007.bin",
    "transformer.encoder.layers.6.self_attention.dense.weight": "pytorch_model-00002-of-00007.bin",
    "transformer.encoder.layers.6.self_attention.query_key_value.bias": "pytorch_model-00002-of-00007.bin",
    "transformer.encoder.layers.6.self_attention.query_key_value.weight": "pytorch_model-00002-of-00007.bin",
    "transformer.encoder.layers.7.input_layernorm.weight": "pytorch_model-00002-of-00007.bin",
    "transformer.encoder.layers.7.mlp.dense_4h_to_h.weight": "pytorch_model-00002-of-00007.bin",
    "transformer.encoder.layers.7.mlp.dense_h_to_4h.weight": "pytorch_model-00002-of-00007.bin",
    "transformer.encoder.layers.7.post_attention_layernorm.weight": "pytorch_model-00002-of-00007.bin",
    "transformer.encoder.layers.7.self_attention.dense.weight": "pytorch_model-00002-of-00007.bin",
    "transformer.encoder.layers.7.self_attention.query_key_value.bias": "pytorch_model-00002-of-00007.bin",
    "transformer.encoder.layers.7.self_attention.query_key_value.weight": "pytorch_model-00002-of-00007.bin",
    "transformer.encoder.layers.8.input_layernorm.weight": "pytorch_model-00002-of-00007.bin",
    "transformer.encoder.layers.8.mlp.dense_4h_to_h.weight": "pytorch_model-00003-of-00007.bin",
    "transformer.encoder.layers.8.mlp.dense_h_to_4h.weight": "pytorch_model-00003-of-00007.bin",
    "transformer.encoder.layers.8.post_attention_layernorm.weight": "pytorch_model-00003-of-00007.bin",
    "transformer.encoder.layers.8.self_attention.dense.weight": "pytorch_model-00003-of-00007.bin",
    "transformer.encoder.layers.8.self_attention.query_key_value.bias": "pytorch_model-00003-of-00007.bin",
    "transformer.encoder.layers.8.self_attention.query_key_value.weight": "pytorch_model-00003-of-00007.bin",
    "transformer.encoder.layers.9.input_layernorm.weight": "pytorch_model-00003-of-00007.bin",
    "transformer.encoder.layers.9.mlp.dense_4h_to_h.weight": "pytorch_model-00003-of-00007.bin",
    "transformer.encoder.layers.9.mlp.dense_h_to_4h.weight": "pytorch_model-00003-of-00007.bin",
    "transformer.encoder.layers.9.post_attention_layernorm.weight": "pytorch_model-00003-of-00007.bin",
    "transformer.encoder.layers.9.self_attention.dense.weight": "pytorch_model-00003-of-00007.bin",
    "transformer.encoder.layers.9.self_attention.query_key_value.bias": "pytorch_model-00003-of-00007.bin",
    "transformer.encoder.layers.9.self_attention.query_key_value.weight": "pytorch_model-00003-of-00007.bin",
    "transformer.output_layer.weight": "pytorch_model-00007-of-00007.bin",
    "transformer.rotary_pos_emb.inv_freq": "pytorch_model-00001-of-00007.bin"
  }
}